{"cameraMode":{"drawMode":0,"name":"Shaded","section":"Shading Mode"},"sceneLighting":false,"audioPlay":false,"sceneViewState":{"showFog":true,"showMaterialUpdate":false,"showSkybox":true,"showFlares":true,"showImageEffects":true,"showParticleSystems":true},"in2DMode":false,"pivot":{"x":1.0498976707458497,"y":0.7373981475830078,"z":0.7541362047195435},"rotation":{"x":0.10732652992010117,"y":0.588668942451477,"z":-0.07924339175224304,"w":0.7972894310951233},"size":4.041658401489258,"orthographic":false}