{"cameraMode":{"drawMode":0,"name":"Shaded","section":"Shading Mode"},"sceneLighting":false,"audioPlay":false,"sceneViewState":{"showFog":true,"showMaterialUpdate":false,"showSkybox":true,"showFlares":true,"showImageEffects":true,"showParticleSystems":true},"in2DMode":false,"pivot":{"x":0.7020246982574463,"y":0.1570756435394287,"z":-0.740136981010437},"rotation":{"x":0.26639121770858767,"y":0.5096128582954407,"z":-0.16962163150310517,"w":0.8003492951393127},"size":3.9988198280334474,"orthographic":false}