{"cameraMode":{"drawMode":0,"name":"Shaded","section":"Shading Mode"},"sceneLighting":false,"audioPlay":false,"sceneViewState":{"showFog":true,"showMaterialUpdate":false,"showSkybox":true,"showFlares":true,"showImageEffects":true,"showParticleSystems":true},"in2DMode":false,"pivot":{"x":0.36223316192626955,"y":1.6744260787963868,"z":0.14603805541992188},"rotation":{"x":0.10732652992010117,"y":0.588668942451477,"z":-0.07924339175224304,"w":0.7972894310951233},"size":23.85377311706543,"orthographic":false}