{"cameraMode":{"drawMode":0,"name":"Shaded","section":"Shading Mode"},"sceneLighting":false,"audioPlay":false,"sceneViewState":{"showFog":true,"showMaterialUpdate":false,"showSkybox":true,"showFlares":true,"showImageEffects":true,"showParticleSystems":true},"in2DMode":false,"pivot":{"x":16.380741119384767,"y":56.74010467529297,"z":-49.60169219970703},"rotation":{"x":0.10732652992010117,"y":0.588668942451477,"z":-0.07924339175224304,"w":0.7972894310951233},"size":2.35667085647583,"orthographic":false}